Healthy Lifestyle Score,<35,36-55,55+
0.0,23.0,22.04724409448819,18.70967741935484
1.0,19.692307692307693,18.952618453865338,22.265625
2.0,23.130434782608695,19.848484848484848,19.8876404494382
3.0,20.404040404040405,20.634920634920633,20.17434620174346
4.0,15.929203539823009,20.243902439024392,19.408502772643253
5.0,21.929824561403507,20.634920634920633,20.625
