Healthy Lifestyle Score,<35,36-55,55+
0,23.0,22.04724409448819,18.70967741935484
1,20.379146919431278,20.074349442379184,25.076452599388375
2,21.59329140461216,17.857142857142858,18.818681318681318
3,22.535211267605636,22.34375,20.728643216080403
4,18.367346938775512,20.153550863723606,18.88888888888889
5,17.117117117117118,18.49056603773585,21.19402985074627