Unhealthy Lifestyle Score,<30,30-45,45-60,60+
0,17.045454545454543,21.812596006144393,19.005328596802844,19.153936545240892
1,20.0,21.82502351834431,19.626168224299064,20.0
2,20.16460905349794,22.24025974025974,16.193656093489146,20.58479532163743
3,25.0,20.0,19.801980198019802,20.32520325203252
